"Date","Price","Open","High","Low","Vol.","Change %"
"10-07-2024","83.504","83.491","83.537","83.477","","0.05%"
"09-07-2024","83.465","83.479","83.522","83.452","","-0.04%"
"08-07-2024","83.500","83.495","83.522","83.434","","0.00%"
"05-07-2024","83.500","83.503","83.532","83.458","","0.03%"
"04-07-2024","83.475","83.495","83.561","83.463","","-0.05%"
"03-07-2024","83.520","83.497","83.564","83.435","","0.02%"
"02-07-2024","83.500","83.440","83.567","83.422","","0.07%"
"01-07-2024","83.438","83.380","83.479","83.349","","0.10%"
"28-06-2024","83.355","83.458","83.492","83.329","","-0.10%"
"27-06-2024","83.438","83.579","83.596","83.408","","-0.15%"
"26-06-2024","83.560","83.452","83.632","83.413","","0.19%"
"25-06-2024","83.403","83.439","83.510","83.394","","-0.06%"
"24-06-2024","83.450","83.563","83.590","83.410","","-0.13%"
"21-06-2024","83.558","83.654","83.654","83.484","","-0.07%"
"20-06-2024","83.620","83.422","83.684","83.417","","0.19%"
"19-06-2024","83.460","83.394","83.491","83.340","","0.16%"
"18-06-2024","83.330","83.498","83.560","83.322","","-0.20%"
"17-06-2024","83.500","83.523","83.567","83.503","","-0.06%"
"14-06-2024","83.547","83.546","83.593","83.514","","0.01%"
"13-06-2024","83.540","83.507","83.575","83.487","","0.13%"
"12-06-2024","83.430","83.618","83.622","83.433","","-0.20%"
"11-06-2024","83.600","83.521","83.639","83.480","","0.12%"
"10-06-2024","83.500","83.530","83.551","83.468","","-0.03%"
"07-06-2024","83.521","83.472","83.529","83.365","","0.07%"
"06-06-2024","83.466","83.390","83.527","83.357","","0.11%"
"05-06-2024","83.370","83.539","83.585","83.277","","-0.18%"
"04-06-2024","83.524","83.120","83.676","83.085","","0.53%"
"03-06-2024","83.083","83.124","83.188","82.952","","-0.41%"
"31-05-2024","83.424","83.321","83.501","83.235","","0.17%"
"30-05-2024","83.280","83.363","83.442","83.246","","-0.07%"
"29-05-2024","83.340","83.197","83.411","83.172","","0.22%"
"28-05-2024","83.160","83.137","83.209","83.103","","0.07%"
"27-05-2024","83.102","83.070","83.147","83.034","","0.05%"
"24-05-2024","83.060","83.285","83.300","83.018","","-0.22%"
"23-05-2024","83.240","83.286","83.322","83.190","","0.02%"
"22-05-2024","83.220","83.324","83.328","83.210","","-0.04%"
"21-05-2024","83.250","83.297","83.373","83.226","","-0.04%"
"20-05-2024","83.280","83.302","83.328","83.224","","0.00%"
"17-05-2024","83.280","83.511","83.520","83.273","","-0.20%"
"16-05-2024","83.450","83.420","83.524","83.404","","0.05%"
"15-05-2024","83.411","83.503","83.529","83.409","","-0.08%"
"14-05-2024","83.482","83.529","83.550","83.472","","0.03%"
"13-05-2024","83.460","83.526","83.566","83.465","","-0.10%"
"10-05-2024","83.541","83.453","83.560","83.446","","0.12%"
"09-05-2024","83.441","83.476","83.527","83.432","","-0.03%"
"08-05-2024","83.462","83.466","83.535","83.449","","0.00%"
"07-05-2024","83.458","83.473","83.529","83.432","","-0.02%"
"06-05-2024","83.475","83.380","83.603","83.380","","0.12%"
"03-05-2024","83.376","83.420","83.482","83.308","","-0.07%"
"02-05-2024","83.435","83.430","83.503","83.401","","-0.02%"
"01-05-2024","83.455","83.474","83.532","83.446","","0.01%"
"30-04-2024","83.450","83.459","83.537","83.397","","0.05%"
"29-04-2024","83.410","83.385","83.513","83.352","","0.01%"
"26-04-2024","83.400","83.268","83.422","83.267","","0.11%"
"25-04-2024","83.310","83.338","83.402","83.255","","-0.01%"
"24-04-2024","83.319","83.280","83.362","83.257","","0.06%"
"23-04-2024","83.269","83.384","83.407","83.260","","-0.11%"
"22-04-2024","83.360","83.423","83.457","83.306","","0.00%"
"19-04-2024","83.358","83.548","83.721","83.362","","-0.21%"
"18-04-2024","83.530","83.590","83.605","83.487","","-0.14%"
"17-04-2024","83.650","83.673","83.747","83.589","","0.02%"
"16-04-2024","83.637","83.534","83.700","83.469","","0.18%"
"15-04-2024","83.484","83.481","83.544","83.413","","-0.07%"
"12-04-2024","83.540","83.368","83.622","83.316","","0.26%"
"11-04-2024","83.324","83.413","83.438","83.295","","-0.08%"
"10-04-2024","83.389","83.227","83.426","83.147","","0.25%"
"09-04-2024","83.182","83.271","83.291","83.166","","-0.11%"
"08-04-2024","83.270","83.344","83.352","83.225","","-0.03%"
"05-04-2024","83.293","83.417","83.471","83.241","","-0.06%"
"04-04-2024","83.340","83.478","83.513","83.350","","-0.20%"
"03-04-2024","83.504","83.375","83.585","83.330","","0.22%"
"02-04-2024","83.322","83.374","83.448","83.330","","-0.05%"
"01-04-2024","83.360","83.343","83.408","83.310","","0.01%"
"29-03-2024","83.350","83.391","83.399","83.335","","0.00%"
"28-03-2024","83.352","83.373","83.424","83.310","","0.07%"
"27-03-2024","83.294","83.365","83.480","83.291","","-0.02%"
"26-03-2024","83.309","83.415","83.441","83.254","","-0.12%"
"25-03-2024","83.405","83.465","83.548","83.384","","-0.21%"
"22-03-2024","83.582","83.232","83.733","83.206","","0.49%"
"21-03-2024","83.174","83.117","83.235","83.034","","0.00%"
"20-03-2024","83.173","83.053","83.233","82.990","","0.20%"
"19-03-2024","83.007","82.935","83.063","82.899","","0.13%"
"18-03-2024","82.900","82.891","82.935","82.825","","0.02%"
"15-03-2024","82.883","82.990","82.995","82.817","","-0.04%"
"14-03-2024","82.915","82.827","82.952","82.803","","0.11%"
"13-03-2024","82.820","82.830","82.923","82.774","","0.04%"
"12-03-2024","82.786","82.739","82.839","82.720","","0.08%"
"11-03-2024","82.720","82.754","82.782","82.645","","-0.02%"
"08-03-2024","82.739","82.713","82.770","82.660","","0.04%"
"07-03-2024","82.708","82.820","82.850","82.669","","-0.09%"
"06-03-2024","82.780","82.896","82.919","82.801","","-0.13%"
"05-03-2024","82.891","82.913","82.938","82.863","","-0.02%"
"04-03-2024","82.911","82.845","82.935","82.830","","0.08%"
"01-03-2024","82.841","82.926","82.933","82.836","","-0.07%"
"29-02-2024","82.900","82.910","82.957","82.864","","0.00%"
"28-02-2024","82.900","82.924","82.967","82.863","","0.03%"
"27-02-2024","82.877","82.901","82.921","82.841","","0.04%"
"26-02-2024","82.846","82.873","82.914","82.851","","-0.02%"
"23-02-2024","82.859","82.845","82.965","82.845","","0.03%"
"22-02-2024","82.837","82.933","82.965","82.812","","-0.11%"
"21-02-2024","82.930","82.895","82.983","82.835","","0.05%"
"20-02-2024","82.890","83.031","83.043","82.862","","-0.16%"
"19-02-2024","83.026","82.987","83.061","82.949","","0.02%"
"16-02-2024","83.013","82.991","83.049","82.983","","0.03%"
"15-02-2024","82.988","83.035","83.075","82.982","","-0.06%"
"14-02-2024","83.034","83.104","83.120","83.015","","-0.08%"
"13-02-2024","83.098","83.008","83.121","82.963","","0.15%"
"12-02-2024","82.970","83.025","83.057","82.951","","-0.04%"
"09-02-2024","83.000","82.984","83.059","82.945","","0.03%"
"08-02-2024","82.978","82.981","83.021","82.893","","0.00%"
"07-02-2024","82.977","83.070","83.091","82.934","","-0.10%"
"06-02-2024","83.062","83.044","83.079","83.015","","0.03%"
"05-02-2024","83.036","83.011","83.095","82.956","","0.04%"
"02-02-2024","82.999","82.952","83.027","82.826","","0.06%"
"01-02-2024","82.947","83.083","83.091","82.915","","-0.18%"
"31-01-2024","83.095","83.100","83.132","82.998","","-0.03%"
"30-01-2024","83.120","83.136","83.177","83.087","","-0.02%"
"29-01-2024","83.134","83.149","83.173","83.118","","0.02%"
"26-01-2024","83.115","83.170","83.173","83.079","","-0.03%"
"25-01-2024","83.144","83.141","83.177","83.077","","0.02%"
"24-01-2024","83.130","83.164","83.184","83.067","","-0.02%"
"23-01-2024","83.150","83.096","83.188","83.061","","0.06%"
"22-01-2024","83.100","83.077","83.185","83.059","","0.02%"
"19-01-2024","83.086","83.187","83.192","83.036","","-0.09%"
"18-01-2024","83.165","83.197","83.205","83.098","","-0.02%"
"17-01-2024","83.182","83.085","83.217","83.035","","0.12%"
"16-01-2024","83.084","82.832","83.150","82.829","","0.31%"
"15-01-2024","82.827","82.835","82.929","82.775","","-0.04%"
"12-01-2024","82.857","83.068","83.104","82.779","","-0.25%"
"11-01-2024","83.063","83.004","83.121","82.930","","0.05%"
"10-01-2024","83.023","83.113","83.185","82.959","","-0.10%"
"09-01-2024","83.109","83.053","83.149","83.029","","0.08%"
"08-01-2024","83.045","83.124","83.178","83.026","","-0.07%"
"05-01-2024","83.103","83.235","83.286","83.067","","-0.17%"
"04-01-2024","83.243","83.294","83.335","83.195","","-0.05%"
"03-01-2024","83.282","83.279","83.348","83.244","","0.01%"
"02-01-2024","83.270","83.179","83.359","83.179","","0.04%"
"01-01-2024","83.238","83.240","83.243","83.150","","0.06%"
"29-12-2023","83.190","83.174","83.242","83.099","","0.03%"
"28-12-2023","83.169","83.268","83.318","83.125","","-0.11%"
"27-12-2023","83.263","83.163","83.368","83.163","","0.13%"
"26-12-2023","83.158","83.169","83.218","83.105","","-0.01%"
"25-12-2023","83.164","83.179","83.179","83.109","","0.00%"
"22-12-2023","83.166","83.221","83.275","83.102","","-0.06%"
"21-12-2023","83.214","83.166","83.291","83.156","","0.09%"
"20-12-2023","83.139","83.111","83.237","83.087","","0.04%"
"19-12-2023","83.106","83.153","83.228","83.070","","-0.05%"
"18-12-2023","83.144","83.018","83.173","82.910","","0.15%"
"15-12-2023","83.020","83.308","83.332","82.927","","-0.34%"
"14-12-2023","83.307","83.287","83.372","83.266","","-0.05%"
"13-12-2023","83.350","83.399","83.438","83.346","","-0.06%"
"12-12-2023","83.396","83.368","83.434","83.324","","0.06%"
"11-12-2023","83.350","83.409","83.451","83.349","","-0.09%"
"08-12-2023","83.425","83.354","83.465","83.335","","0.10%"
"07-12-2023","83.343","83.337","83.398","83.311","","0.01%"
"06-12-2023","83.332","83.325","83.381","83.286","","0.01%"
"05-12-2023","83.320","83.431","83.439","83.317","","-0.13%"
"04-12-2023","83.426","83.217","83.461","83.215","","0.20%"
"01-12-2023","83.260","83.356","83.375","83.240","","-0.12%"
"30-11-2023","83.357","83.359","83.419","83.290","","0.01%"
"29-11-2023","83.352","83.292","83.383","83.260","","0.01%"
"28-11-2023","83.340","83.358","83.399","83.292","","0.01%"
"27-11-2023","83.330","83.324","83.433","83.309","","-0.01%"
"24-11-2023","83.340","83.350","83.413","83.332","","0.04%"
"23-11-2023","83.305","83.276","83.368","83.265","","0.02%"
"22-11-2023","83.287","83.313","83.359","83.255","","-0.03%"
"21-11-2023","83.308","83.321","83.380","83.228","","-0.01%"
"20-11-2023","83.317","83.265","83.424","83.230","","0.09%"
"17-11-2023","83.244","83.161","83.303","83.161","","0.11%"
"16-11-2023","83.152","83.186","83.273","83.153","","-0.04%"
"15-11-2023","83.188","82.980","83.213","82.962","","0.26%"
"14-11-2023","82.973","83.209","83.278","82.906","","-0.25%"
"13-11-2023","83.180","83.309","83.343","83.201","","-0.15%"
"10-11-2023","83.309","83.302","83.499","83.224","","-0.01%"
"09-11-2023","83.315","83.232","83.341","83.216","","0.12%"
"08-11-2023","83.213","83.234","83.310","83.208","","-0.02%"
"07-11-2023","83.230","83.221","83.287","83.210","","0.01%"
"06-11-2023","83.218","83.107","83.263","83.085","","0.09%"
"03-11-2023","83.140","83.247","83.311","83.134","","-0.11%"
"02-11-2023","83.234","83.240","83.281","83.174","","0.00%"
"01-11-2023","83.237","83.278","83.337","83.225","","-0.02%"
"31-10-2023","83.256","83.260","83.293","83.221","","0.01%"
"30-10-2023","83.250","83.280","83.305","83.212","","-0.02%"
"27-10-2023","83.265","83.272","83.301","83.190","","0.03%"
"26-10-2023","83.243","83.163","83.269","83.131","","0.12%"
"25-10-2023","83.140","83.022","83.205","83.008","","0.16%"
"24-10-2023","83.010","83.031","83.102","82.956","","-0.07%"
"23-10-2023","83.071","83.160","83.206","83.085","","-0.10%"
"20-10-2023","83.150","83.150","83.216","83.012","","0.06%"
"19-10-2023","83.097","83.284","83.306","83.082","","-0.23%"
"18-10-2023","83.290","83.255","83.310","83.211","","0.06%"
"17-10-2023","83.240","83.215","83.289","83.186","","0.06%"
"16-10-2023","83.190","83.264","83.296","83.183","","-0.08%"
"13-10-2023","83.255","83.250","83.297","83.211","","-0.04%"
"12-10-2023","83.290","83.175","83.302","83.125","","0.16%"
"11-10-2023","83.160","83.217","83.246","83.116","","0.00%"
"10-10-2023","83.162","83.266","83.282","83.170","","-0.11%"
"09-10-2023","83.254","83.187","83.348","83.162","","0.16%"
"06-10-2023","83.118","83.218","83.303","83.121","","-0.10%"
"05-10-2023","83.200","83.214","83.305","83.178","","-0.06%"
"04-10-2023","83.250","83.235","83.346","83.173","","0.04%"
"03-10-2023","83.214","83.233","83.271","83.127","","0.05%"
"02-10-2023","83.174","83.165","83.234","83.123","","0.17%"
"29-09-2023","83.030","83.209","83.209","83.012","","-0.14%"
"28-09-2023","83.150","83.237","83.273","83.111","","-0.04%"
"27-09-2023","83.181","83.297","83.312","83.153","","-0.06%"
"26-09-2023","83.230","83.122","83.309","83.099","","0.12%"
"25-09-2023","83.130","83.057","83.179","83.029","","0.19%"
"22-09-2023","82.970","82.876","82.993","82.769","","-0.16%"
"21-09-2023","83.102","83.193","83.222","83.005","","0.22%"
"20-09-2023","82.920","83.261","83.297","82.924","","-0.47%"
"19-09-2023","83.310","83.250","83.344","83.170","","0.05%"
"18-09-2023","83.270","83.106","83.360","83.085","","0.24%"
"15-09-2023","83.069","83.063","83.202","82.981","","0.07%"
"14-09-2023","83.010","82.915","83.101","82.913","","0.09%"
"13-09-2023","82.934","82.873","83.039","82.855","","0.10%"
"12-09-2023","82.850","82.905","83.015","82.853","","-0.06%"
"11-09-2023","82.900","82.955","83.068","82.815","","-0.13%"
"08-09-2023","83.004","83.133","83.184","82.902","","-0.18%"
"07-09-2023","83.150","83.220","83.271","83.076","","-0.06%"
"06-09-2023","83.197","83.075","83.258","82.986","","0.20%"
"05-09-2023","83.033","82.753","83.097","82.712","","0.38%"
"04-09-2023","82.715","82.670","82.785","82.650","","0.03%"
"01-09-2023","82.689","82.647","82.784","82.576","","-0.02%"
"31-08-2023","82.702","82.678","82.799","82.582","","0.11%"
"30-08-2023","82.607","82.593","82.819","82.568","","0.04%"
"29-08-2023","82.574","82.646","82.842","82.576","","-0.03%"
"28-08-2023","82.600","82.585","82.662","82.527","","-0.04%"
"25-08-2023","82.637","82.605","82.740","82.532","","0.07%"
"24-08-2023","82.580","82.579","82.646","82.359","","0.09%"
"23-08-2023","82.508","83.082","83.090","82.449","","-0.64%"
"22-08-2023","83.040","83.113","83.122","82.909","","-0.06%"
"21-08-2023","83.090","83.193","83.217","83.021","","-0.06%"
"18-08-2023","83.140","83.086","83.221","83.018","","0.00%"
"17-08-2023","83.140","83.224","83.262","82.991","","-0.10%"
"16-08-2023","83.222","83.243","83.428","83.077","","-0.02%"
"15-08-2023","83.239","83.208","83.468","83.177","","0.07%"
"14-08-2023","83.180","82.877","83.292","82.877","","0.34%"
"11-08-2023","82.898","82.811","82.911","82.737","","0.31%"
"10-08-2023","82.644","82.839","82.880","82.590","","-0.27%"
"09-08-2023","82.871","82.877","82.880","82.797","","-0.01%"
"08-08-2023","82.880","82.760","82.984","82.760","","0.12%"
"07-08-2023","82.778","82.740","82.785","82.689","","0.10%"
"04-08-2023","82.696","82.762","82.892","82.674","","-0.07%"
"03-08-2023","82.755","82.699","82.815","82.665","","0.02%"
"02-08-2023","82.735","82.330","82.788","82.313","","0.47%"
"01-08-2023","82.345","82.235","82.345","82.205","","0.12%"
"31-07-2023","82.245","82.203","82.301","82.203","","-0.01%"
"28-07-2023","82.253","82.178","82.377","82.178","","0.12%"
"27-07-2023","82.155","81.929","82.234","81.869","","0.24%"
"26-07-2023","81.955","81.876","82.068","81.855","","0.12%"
"25-07-2023","81.855","81.799","81.904","81.667","","0.07%"
"24-07-2023","81.795","82.010","82.045","81.778","","-0.24%"
"21-07-2023","81.990","82.074","82.088","81.922","","-0.11%"
"20-07-2023","82.080","82.044","82.080","81.897","","0.03%"
"19-07-2023","82.055","82.062","82.158","82.015","","-0.01%"
"18-07-2023","82.065","82.040","82.093","81.957","","0.02%"
"17-07-2023","82.050","82.132","82.215","81.979","","-0.03%"
"14-07-2023","82.077","82.011","82.215","81.943","","0.03%"
"13-07-2023","82.050","81.982","82.150","81.952","","0.08%"
"12-07-2023","81.985","82.392","82.400","81.945","","-0.50%"
"11-07-2023","82.395","82.526","82.551","82.322","","-0.16%"
"10-07-2023","82.525","82.645","82.689","82.515","","-0.11%"
"07-07-2023","82.615","82.763","82.764","82.522","","-0.18%"
"06-07-2023","82.766","82.391","82.818","82.293","","0.44%"
"05-07-2023","82.403","82.023","82.413","81.995","","0.52%"
"04-07-2023","81.974","81.978","82.059","81.892","","0.04%"
"03-07-2023","81.945","82.036","82.058","81.755","","-0.18%"
"30-06-2023","82.096","82.075","82.128","81.991","","-0.01%"
"29-06-2023","82.105","82.012","82.121","81.978","","0.09%"
"28-06-2023","82.030","81.971","82.091","81.969","","0.02%"
"27-06-2023","82.011","82.029","82.059","81.942","","0.04%"
"26-06-2023","81.975","81.950","82.071","81.935","","-0.01%"
"23-06-2023","81.985","81.912","82.083","81.912","","0.03%"
"22-06-2023","81.960","81.941","82.010","81.875","","0.02%"
"21-06-2023","81.940","81.981","82.140","81.940","","-0.08%"
"20-06-2023","82.005","81.915","82.173","81.915","","0.11%"
"19-06-2023","81.915","81.976","82.013","81.867","","0.00%"
"16-06-2023","81.915","81.913","82.025","81.825","","0.01%"
"15-06-2023","81.905","82.045","82.260","81.905","","-0.07%"
"14-06-2023","81.960","82.231","82.335","81.898","","-0.34%"
"13-06-2023","82.240","82.384","82.481","82.146","","-0.21%"
"12-06-2023","82.415","82.458","82.517","82.415","","-0.04%"
"09-06-2023","82.445","82.505","82.507","82.396","","-0.09%"
"08-06-2023","82.516","82.641","82.641","82.493","","0.01%"
"07-06-2023","82.510","82.510","82.584","82.450","","-0.01%"
"06-06-2023","82.515","82.511","82.655","82.472","","-0.01%"
"05-06-2023","82.525","82.434","82.685","82.394","","0.15%"
"02-06-2023","82.403","82.271","82.424","82.257","","0.15%"
"01-06-2023","82.277","82.672","82.674","82.268","","-0.50%"
"31-05-2023","82.690","82.629","82.777","82.610","","0.00%"
"30-05-2023","82.692","82.554","82.815","82.554","","0.09%"
"29-05-2023","82.614","82.589","82.703","82.534","","0.05%"
"26-05-2023","82.575","82.745","82.745","82.522","","-0.20%"
"25-05-2023","82.742","82.678","82.809","82.653","","0.08%"
"24-05-2023","82.675","82.855","82.886","82.564","","-0.19%"
"23-05-2023","82.835","82.825","82.876","82.743","","-0.01%"
"22-05-2023","82.845","82.798","82.895","82.727","","-0.07%"
"19-05-2023","82.905","82.770","82.953","82.632","","0.22%"
"18-05-2023","82.725","82.443","82.778","82.347","","0.39%"
"17-05-2023","82.405","82.248","82.447","82.248","","0.14%"
"16-05-2023","82.291","82.237","82.319","82.181","","0.03%"
"15-05-2023","82.267","82.249","82.402","82.207","","0.08%"
"12-05-2023","82.201","82.127","82.252","82.118","","0.12%"
"11-05-2023","82.100","81.919","82.190","81.887","","0.21%"
"10-05-2023","81.925","82.125","82.125","81.882","","-0.24%"
"09-05-2023","82.125","81.782","82.175","81.779","","0.42%"
"08-05-2023","81.780","81.692","81.835","81.654","","0.07%"
"05-05-2023","81.725","81.719","81.835","81.671","","0.00%"
"04-05-2023","81.725","81.749","81.832","81.663","","-0.07%"
"03-05-2023","81.780","81.785","81.887","81.670","","0.01%"
"02-05-2023","81.770","81.810","81.965","81.720","","-0.02%"
"01-05-2023","81.790","81.810","81.818","81.720","","0.06%"
"28-04-2023","81.745","81.735","81.875","81.719","","0.04%"
"27-04-2023","81.715","81.733","81.868","81.596","","-0.06%"
"26-04-2023","81.760","81.995","82.033","81.683","","-0.28%"
"25-04-2023","81.990","81.891","82.055","81.869","","0.04%"
"24-04-2023","81.960","82.078","82.117","81.850","","-0.12%"
"21-04-2023","82.055","82.145","82.220","82.011","","-0.10%"
"20-04-2023","82.140","82.319","82.359","82.043","","-0.17%"
"19-04-2023","82.280","82.084","82.280","82.053","","0.21%"
"18-04-2023","82.105","82.015","82.125","81.959","","0.12%"
"17-04-2023","82.005","81.913","82.094","81.864","","0.20%"
"14-04-2023","81.845","81.699","81.945","81.567","","0.21%"
"13-04-2023","81.675","82.018","82.035","81.631","","-0.35%"
"12-04-2023","81.960","82.089","82.133","81.940","","-0.13%"
"11-04-2023","82.070","81.968","82.175","81.942","","0.10%"
"10-04-2023","81.985","81.838","82.045","81.772","","0.12%"
"07-04-2023","81.885","81.827","81.915","81.785","","0.05%"
"06-04-2023","81.840","81.958","82.075","81.810","","-0.13%"
"05-04-2023","81.945","82.119","82.225","81.841","","-0.20%"
"04-04-2023","82.110","82.234","82.294","82.075","","-0.12%"
"03-04-2023","82.205","82.377","82.487","82.185","","0.02%"
"31-03-2023","82.185","82.083","82.290","82.055","","0.10%"
"30-03-2023","82.100","82.253","82.294","82.029","","-0.13%"
"29-03-2023","82.206","82.187","82.398","82.187","","0.01%"
"28-03-2023","82.200","82.194","82.303","82.112","","0.00%"
"27-03-2023","82.200","82.365","82.445","82.200","","-0.17%"
"24-03-2023","82.339","82.243","82.510","82.194","","0.09%"
"23-03-2023","82.265","82.528","82.555","82.056","","-0.32%"
"22-03-2023","82.525","82.692","82.739","82.395","","-0.22%"
"21-03-2023","82.704","82.542","82.733","82.542","","0.21%"
"20-03-2023","82.530","82.510","82.725","82.468","","-0.01%"
"17-03-2023","82.540","82.609","82.694","82.434","","-0.10%"
"16-03-2023","82.625","82.755","82.830","82.582","","-0.34%"
"15-03-2023","82.907","82.288","82.919","82.225","","0.79%"
"14-03-2023","82.260","82.287","82.567","82.241","","0.00%"
"13-03-2023","82.263","81.700","82.312","81.700","","0.36%"
"10-03-2023","81.965","82.026","82.194","81.821","","-0.07%"
"09-03-2023","82.025","81.943","82.065","81.762","","0.09%"
"08-03-2023","81.955","82.012","82.300","81.837","","-0.09%"
"07-03-2023","82.025","81.872","82.025","81.737","","0.26%"
"06-03-2023","81.815","81.754","81.955","81.595","","0.13%"
"03-03-2023","81.710","82.361","82.425","81.710","","-0.78%"
"02-03-2023","82.355","82.415","82.623","82.355","","-0.10%"
"01-03-2023","82.435","82.588","82.628","82.365","","-0.25%"
"28-02-2023","82.645","82.666","82.761","82.532","","-0.01%"
"27-02-2023","82.652","82.867","82.958","82.609","","-0.33%"
"24-02-2023","82.925","82.644","83.027","82.643","","0.37%"
"23-02-2023","82.618","82.797","82.857","82.561","","-0.26%"
"22-02-2023","82.835","82.844","82.914","82.767","","-0.02%"
"21-02-2023","82.849","82.670","82.869","82.670","","0.15%"
"20-02-2023","82.721","82.719","82.767","82.612","","-0.05%"
"17-02-2023","82.765","82.698","82.865","82.698","","0.06%"
"16-02-2023","82.715","82.695","82.823","82.589","","-0.06%"
"15-02-2023","82.765","82.852","82.969","82.765","","-0.18%"
"14-02-2023","82.915","82.597","83.024","82.556","","0.39%"
"13-02-2023","82.597","82.557","82.775","82.557","","0.09%"
"10-02-2023","82.520","82.516","82.648","82.320","","-0.02%"
"09-02-2023","82.540","82.681","82.699","82.403","","-0.14%"
"08-02-2023","82.655","82.734","82.757","82.467","","-0.26%"
"07-02-2023","82.870","82.760","82.888","82.612","","0.15%"
"06-02-2023","82.750","82.393","82.832","82.321","","0.63%"
"03-02-2023","82.233","82.066","82.338","81.754","","0.23%"
"02-02-2023","82.044","81.687","82.250","81.685","","0.35%"
"01-02-2023","81.757","81.764","82.053","81.698","","-0.01%"
"31-01-2023","81.769","81.599","82.099","81.575","","0.30%"
"30-01-2023","81.525","81.526","81.725","81.436","","0.01%"
"27-01-2023","81.515","81.487","81.677","81.470","","0.09%"
"26-01-2023","81.445","81.529","81.588","81.355","","-0.09%"
"25-01-2023","81.519","81.624","81.803","81.499","","-0.10%"
"24-01-2023","81.599","81.488","81.770","81.398","","0.14%"
"23-01-2023","81.483","80.908","81.493","80.864","","0.62%"
"20-01-2023","80.984","81.257","81.305","80.961","","-0.32%"
"19-01-2023","81.245","81.435","81.445","81.207","","-0.25%"
"18-01-2023","81.445","81.655","81.830","81.141","","-0.23%"
"17-01-2023","81.635","81.685","81.893","81.524","","-0.03%"
"16-01-2023","81.656","81.249","81.763","81.219","","0.46%"
"13-01-2023","81.285","81.115","81.500","81.115","","0.22%"
"12-01-2023","81.110","81.662","81.753","81.110","","-0.65%"
"11-01-2023","81.642","81.606","81.820","81.478","","0.01%"
"10-01-2023","81.630","82.208","82.338","81.605","","-0.67%"
"09-01-2023","82.180","82.216","82.452","82.100","","-0.12%"
"06-01-2023","82.275","82.582","82.762","82.275","","-0.39%"
"05-01-2023","82.596","82.740","82.833","82.427","","-0.09%"
"04-01-2023","82.667","82.800","82.940","82.667","","-0.14%"
"03-01-2023","82.779","82.679","83.016","82.646","","0.01%"
"02-01-2023","82.773","82.688","82.808","82.585","","0.03%"
"30-12-2022","82.745","82.785","82.836","82.540","","-0.05%"
"29-12-2022","82.787","82.850","82.903","82.779","","0.03%"
"28-12-2022","82.763","82.847","82.956","82.746","","-0.09%"
"27-12-2022","82.835","82.655","82.886","82.655","","0.21%"
"26-12-2022","82.665","82.785","82.853","82.632","","-0.15%"
"23-12-2022","82.790","82.880","82.895","82.740","","-0.23%"
"22-12-2022","82.985","82.825","82.986","82.660","","0.12%"
"21-12-2022","82.885","82.715","82.910","82.654","","0.33%"
"20-12-2022","82.610","82.587","82.893","82.552","","-0.08%"
"19-12-2022","82.677","82.778","82.843","82.584","","-0.07%"
"16-12-2022","82.733","82.887","82.919","82.625","","-0.16%"
"15-12-2022","82.862","82.525","82.983","82.428","","0.44%"
"14-12-2022","82.495","82.626","82.731","82.419","","0.11%"
"13-12-2022","82.403","82.662","82.922","82.380","","-0.30%"
"12-12-2022","82.647","82.421","82.752","82.421","","0.28%"
"09-12-2022","82.420","82.249","82.494","82.091","","0.16%"
"08-12-2022","82.290","82.272","82.472","82.254","","0.09%"
"07-12-2022","82.216","82.406","82.778","82.186","","-0.33%"
"06-12-2022","82.490","81.884","82.645","81.884","","0.72%"
"05-12-2022","81.900","81.260","81.910","81.190","","0.57%"
"02-12-2022","81.438","81.188","81.528","81.108","","0.38%"
"01-12-2022","81.130","81.137","81.330","80.990","","-0.30%"
"30-11-2022","81.374","81.655","81.660","81.258","","-0.31%"
"29-11-2022","81.626","81.529","81.750","81.529","","-0.03%"
"28-11-2022","81.650","81.800","81.843","81.507","","-0.08%"
"25-11-2022","81.713","81.668","81.766","81.445","","0.09%"
"24-11-2022","81.642","81.633","81.802","81.597","","0.01%"
"23-11-2022","81.633","81.743","81.949","81.632","","-0.11%"
"22-11-2022","81.719","81.704","81.830","81.574","","-0.01%"
"21-11-2022","81.728","81.672","81.951","81.596","","0.10%"
"18-11-2022","81.644","81.537","81.812","81.517","","0.13%"
"17-11-2022","81.540","81.454","81.859","81.435","","0.06%"
"16-11-2022","81.495","81.115","81.585","81.115","","0.50%"
"15-11-2022","81.091","80.995","81.475","80.708","","0.12%"
"14-11-2022","80.992","80.527","81.312","80.527","","0.60%"
"11-11-2022","80.505","80.588","81.002","80.483","","-0.17%"
"10-11-2022","80.640","81.430","81.930","80.634","","-0.88%"
"09-11-2022","81.355","81.350","81.645","81.215","","-0.03%"
"08-11-2022","81.380","81.814","82.039","81.224","","-0.55%"
"07-11-2022","81.832","82.078","82.348","81.820","","-0.18%"
"04-11-2022","81.982","82.697","82.740","81.978","","-0.91%"
"03-11-2022","82.738","82.873","82.976","82.691","","0.00%"
"02-11-2022","82.739","82.680","82.838","82.631","","0.10%"
"01-11-2022","82.660","82.797","82.808","82.486","","-0.14%"
"31-10-2022","82.780","82.369","82.873","82.321","","0.62%"
"28-10-2022","82.268","82.356","82.507","82.268","","-0.15%"
"27-10-2022","82.393","82.029","82.575","82.029","","0.57%"
"26-10-2022","81.928","82.468","82.541","81.966","","-0.72%"
"25-10-2022","82.523","82.757","82.856","82.400","","-0.29%"
"24-10-2022","82.761","82.615","82.882","82.584","","0.27%"
"21-10-2022","82.541","82.835","83.099","82.538","","-0.34%"
"20-10-2022","82.825","82.982","83.268","82.508","","-0.23%"
"19-10-2022","83.020","82.279","83.108","82.268","","0.88%"
"18-10-2022","82.298","82.142","82.388","82.006","","0.13%"
"17-10-2022","82.189","82.418","82.435","82.099","","-0.22%"
"14-10-2022","82.367","82.209","82.450","82.128","","0.21%"
"13-10-2022","82.192","82.199","82.680","82.120","","0.02%"
"12-10-2022","82.177","82.255","82.382","82.168","","-0.12%"
"11-10-2022","82.273","82.415","82.514","82.102","","-0.14%"
"10-10-2022","82.385","82.695","82.710","82.251","","-0.54%"
"07-10-2022","82.832","82.276","82.832","82.102","","0.91%"
"06-10-2022","82.088","81.542","82.326","81.487","","0.54%"
"05-10-2022","81.648","81.471","81.728","81.320","","0.21%"
"04-10-2022","81.478","81.517","81.708","81.293","","-0.04%"
"03-10-2022","81.509","81.519","81.938","81.495","","-0.02%"
"30-09-2022","81.522","81.486","81.722","81.154","","0.04%"
"29-09-2022","81.489","81.593","81.971","81.484","","0.07%"
"28-09-2022","81.431","81.875","82.030","81.363","","-0.36%"
"27-09-2022","81.727","81.375","81.794","81.299","","0.12%"
"26-09-2022","81.625","81.325","81.719","81.325","","0.46%"
"23-09-2022","81.255","81.030","81.271","80.765","","0.24%"
"22-09-2022","81.062","80.221","81.145","80.192","","1.41%"
"21-09-2022","79.936","79.789","80.085","79.759","","0.21%"
"20-09-2022","79.769","79.668","79.788","79.593","","0.07%"
"19-09-2022","79.713","79.706","79.838","79.589","","0.02%"
"16-09-2022","79.698","79.844","79.870","79.578","","-0.19%"
"15-09-2022","79.849","79.500","79.856","79.438","","0.49%"
"14-09-2022","79.459","79.594","79.648","79.377","","-0.18%"
"13-09-2022","79.602","79.400","79.632","79.023","","0.31%"
"12-09-2022","79.355","79.653","79.725","79.278","","-0.38%"
"09-09-2022","79.655","79.676","79.685","79.454","","-0.04%"
"08-09-2022","79.690","79.657","79.857","79.649","","0.05%"
"07-09-2022","79.650","79.899","79.977","79.602","","-0.31%"
"06-09-2022","79.895","79.802","79.932","79.743","","0.13%"
"05-09-2022","79.791","79.907","79.912","79.738","","0.09%"
"02-09-2022","79.722","79.690","79.908","79.608","","0.03%"
"01-09-2022","79.701","79.534","79.754","79.300","","0.24%"
"31-08-2022","79.511","79.697","79.717","79.417","","-0.22%"
"30-08-2022","79.683","79.957","79.987","79.421","","-0.36%"
"29-08-2022","79.971","79.992","80.148","79.901","","0.00%"
"26-08-2022","79.971","79.888","79.981","79.698","","0.11%"
"25-08-2022","79.880","79.810","80.012","79.756","","0.10%"
"24-08-2022","79.797","79.873","79.907","79.704","","-0.08%"
"23-08-2022","79.857","79.880","79.920","79.675","","0.00%"
"22-08-2022","79.855","79.881","79.925","79.768","","-0.09%"
"19-08-2022","79.925","79.768","79.925","79.693","","0.21%"
"18-08-2022","79.760","79.386","79.760","79.366","","0.50%"
"17-08-2022","79.360","79.148","79.514","79.148","","0.13%"
"16-08-2022","79.256","79.548","79.606","79.248","","-0.36%"
"15-08-2022","79.546","79.671","79.672","79.468","","-0.13%"
"12-08-2022","79.651","79.610","79.755","79.596","","0.08%"
"11-08-2022","79.585","79.056","79.695","79.056","","0.62%"
"10-08-2022","79.095","79.535","79.610","79.006","","-0.60%"
"09-08-2022","79.573","79.565","79.646","79.489","","-0.02%"
"08-08-2022","79.591","79.407","79.673","79.407","","0.28%"
"05-08-2022","79.365","79.155","79.474","78.918","","0.25%"
"04-08-2022","79.165","79.074","79.818","79.048","","0.06%"
"03-08-2022","79.118","78.611","79.246","78.571","","0.65%"
"02-08-2022","78.605","78.950","79.007","78.397","","-0.46%"
"01-08-2022","78.971","79.183","79.249","78.887","","-0.48%"
"29-07-2022","79.351","79.603","79.603","79.175","","-0.36%"
"28-07-2022","79.638","79.769","79.861","79.584","","-0.28%"
"27-07-2022","79.860","79.833","79.989","79.780","","0.00%"
"26-07-2022","79.862","79.730","79.882","79.693","","0.18%"
"25-07-2022","79.719","79.785","79.898","79.684","","-0.16%"
"22-07-2022","79.845","79.893","79.935","79.802","","-0.04%"
"21-07-2022","79.875","80.022","80.090","79.765","","-0.16%"
"20-07-2022","80.005","79.902","80.075","79.898","","0.18%"
"19-07-2022","79.865","79.977","80.075","79.849","","-0.19%"
"18-07-2022","80.015","79.813","80.025","79.712","","0.29%"
"15-07-2022","79.785","79.864","79.983","79.714","","-0.16%"
"14-07-2022","79.915","79.716","80.235","79.663","","0.29%"
"13-07-2022","79.680","79.515","79.873","79.497","","0.27%"
"12-07-2022","79.465","79.453","79.675","79.453","","0.04%"
"11-07-2022","79.435","79.275","79.585","79.275","","0.18%"
"08-07-2022","79.290","79.181","79.440","79.143","","0.15%"
"07-07-2022","79.175","79.046","79.278","78.905","","0.16%"
"06-07-2022","79.047","79.186","79.398","78.922","","-0.32%"
"05-07-2022","79.298","78.964","79.428","78.956","","0.45%"
"04-07-2022","78.939","78.984","79.088","78.871","","-0.02%"
"01-07-2022","78.956","78.983","79.159","78.818","","-0.01%"
"30-06-2022","78.965","78.900","79.095","78.867","","0.03%"
"29-06-2022","78.945","79.004","79.075","78.856","","-0.06%"
"28-06-2022","78.995","78.445","79.047","78.438","","0.71%"
"27-06-2022","78.440","78.283","78.571","78.196","","0.24%"
"24-06-2022","78.255","78.182","78.375","78.120","","0.14%"
"23-06-2022","78.145","78.220","78.377","78.112","","-0.04%"
"22-06-2022","78.180","78.150","78.410","78.121","","0.06%"
"21-06-2022","78.133","77.937","78.143","77.935","","0.26%"
"20-06-2022","77.927","78.002","78.058","77.879","","-0.03%"
"17-06-2022","77.952","77.993","78.112","77.941","","-0.03%"
"16-06-2022","77.977","78.036","78.123","77.917","","-0.25%"
"15-06-2022","78.171","78.030","78.227","77.977","","0.19%"
"14-06-2022","78.022","78.128","78.128","77.953","","-0.10%"
"13-06-2022","78.104","78.185","78.323","77.963","","-0.05%"
"10-06-2022","78.144","77.804","78.208","77.778","","0.42%"
"09-06-2022","77.815","77.707","77.874","77.690","","0.14%"
"08-06-2022","77.709","77.700","77.811","77.598","","0.06%"
"07-06-2022","77.664","77.784","77.847","77.620","","-0.19%"
"06-06-2022","77.814","77.678","77.854","77.554","","0.26%"
"03-06-2022","77.615","77.423","77.680","77.393","","0.28%"
"02-06-2022","77.399","77.562","77.654","77.377","","-0.21%"
"01-06-2022","77.560","77.627","77.655","77.431","","-0.05%"
"31-05-2022","77.598","77.553","77.752","77.553","","0.06%"
"30-05-2022","77.554","77.595","77.595","77.487","","-0.09%"
"27-05-2022","77.624","77.640","77.703","77.533","","-0.02%"
"26-05-2022","77.636","77.504","77.716","77.504","","0.14%"
"25-05-2022","77.531","77.496","77.641","77.459","","0.07%"
"24-05-2022","77.475","77.528","77.690","77.463","","-0.09%"
"23-05-2022","77.545","77.678","77.738","77.445","","-0.41%"
"20-05-2022","77.865","77.432","77.891","77.432","","0.58%"
"19-05-2022","77.415","77.825","77.825","77.378","","-0.51%"
"18-05-2022","77.810","77.455","77.810","77.455","","0.43%"
"17-05-2022","77.476","77.822","77.822","77.375","","-0.46%"
"16-05-2022","77.833","77.512","77.911","77.512","","0.46%"
"13-05-2022","77.480","77.440","77.548","77.243","","0.06%"
"12-05-2022","77.435","77.418","77.645","77.294","","0.01%"
"11-05-2022","77.425","77.254","77.502","77.155","","0.26%"
"10-05-2022","77.225","77.374","77.472","77.114","","-0.18%"
"09-05-2022","77.365","76.987","77.535","76.987","","0.50%"
"06-05-2022","76.979","76.518","77.079","76.518","","0.61%"
"05-05-2022","76.514","76.149","76.578","76.007","","0.30%"
"04-05-2022","76.282","76.474","76.603","76.206","","-0.25%"
"03-05-2022","76.470","76.490","76.675","76.450","","-0.02%"
"02-05-2022","76.485","76.515","76.530","76.327","","-0.07%"
"29-04-2022","76.535","76.617","76.704","76.264","","-0.18%"
"28-04-2022","76.670","76.521","76.720","76.407","","0.05%"
"27-04-2022","76.632","76.773","76.816","76.498","","-0.06%"
"26-04-2022","76.680","76.546","76.705","76.451","","-0.09%"
"25-04-2022","76.748","76.556","76.800","76.552","","0.36%"
"22-04-2022","76.475","76.283","76.533","76.205","","0.28%"
"21-04-2022","76.262","76.282","76.390","76.080","","-0.01%"
"20-04-2022","76.269","76.475","76.548","76.156","","-0.23%"
"19-04-2022","76.445","76.285","76.560","76.253","","0.21%"
"18-04-2022","76.284","76.308","76.453","76.222","","-0.06%"
"15-04-2022","76.332","76.306","76.365","76.286","","0.05%"
"14-04-2022","76.292","76.145","76.296","76.081","","0.22%"
"13-04-2022","76.122","76.155","76.286","76.044","","0.05%"
"12-04-2022","76.082","75.938","76.196","75.938","","0.32%"
"11-04-2022","75.836","75.966","76.111","75.805","","-0.16%"
"08-04-2022","75.960","75.932","76.061","75.722","","0.06%"
"07-04-2022","75.913","75.962","76.050","75.776","","-0.04%"
"06-04-2022","75.947","75.424","76.074","75.424","","0.64%"
"05-04-2022","75.465","75.434","75.572","75.260","","0.02%"
"04-04-2022","75.451","75.922","75.951","75.354","","-0.72%"
"01-04-2022","75.995","75.918","76.021","75.863","","0.09%"
"31-03-2022","75.928","75.845","75.968","75.651","","0.14%"
"30-03-2022","75.823","75.668","75.984","75.615","","0.21%"
"29-03-2022","75.666","76.005","76.176","75.565","","-0.56%"
"28-03-2022","76.090","76.320","76.390","76.022","","-0.26%"
"25-03-2022","76.285","76.222","76.299","76.125","","-0.03%"
"24-03-2022","76.305","76.510","76.510","76.166","","-0.29%"
"23-03-2022","76.530","76.104","76.530","75.982","","0.49%"
"22-03-2022","76.159","76.308","76.520","75.996","","-0.17%"
"21-03-2022","76.285","76.034","76.285","76.005","","0.29%"
"18-03-2022","76.065","76.065","76.210","76.017","","0.17%"
"17-03-2022","75.937","76.054","76.090","75.755","","-0.35%"
"16-03-2022","76.200","76.271","76.482","76.108","","-0.29%"
"15-03-2022","76.420","76.470","76.690","76.302","","-0.04%"
"14-03-2022","76.450","76.654","76.720","76.440","","-0.08%"
"11-03-2022","76.511","76.371","76.737","76.272","","0.26%"
"10-03-2022","76.310","76.271","76.497","76.071","","-0.09%"
"09-03-2022","76.382","76.928","77.014","76.317","","-0.68%"
"08-03-2022","76.905","76.996","77.174","76.725","","-0.09%"
"07-03-2022","76.975","76.665","77.160","76.665","","0.72%"
"04-03-2022","76.425","75.945","76.438","75.944","","0.60%"
"03-03-2022","75.971","75.660","76.020","75.627","","0.44%"
"02-03-2022","75.638","75.928","75.947","75.590","","-0.19%"
"01-03-2022","75.782","75.289","75.817","75.284","","0.35%"
"28-02-2022","75.520","75.767","75.808","75.285","","0.59%"
"25-02-2022","75.075","75.415","75.475","75.075","","-0.71%"
"24-02-2022","75.615","74.679","75.835","74.643","","1.31%"
"23-02-2022","74.640","74.630","74.735","74.531","","0.01%"
"22-02-2022","74.630","74.692","74.999","74.602","","0.14%"
"21-02-2022","74.524","74.596","74.742","74.355","","-0.22%"
"18-02-2022","74.687","75.070","75.109","74.469","","-0.56%"
"17-02-2022","75.105","74.973","75.233","74.945","","0.07%"
"16-02-2022","75.050","75.198","75.319","74.955","","-0.17%"
"15-02-2022","75.177","75.630","75.749","75.162","","-0.67%"
"14-02-2022","75.686","75.571","75.712","75.377","","0.45%"
"11-02-2022","75.348","75.315","75.530","75.172","","0.33%"
"10-02-2022","75.102","74.815","75.288","74.806","","0.39%"
"09-02-2022","74.808","74.720","74.890","74.655","","0.12%"
"08-02-2022","74.719","74.639","74.823","74.599","","0.09%"
"07-02-2022","74.655","74.697","74.832","74.625","","0.01%"
"04-02-2022","74.645","74.644","74.843","74.601","","0.00%"
"03-02-2022","74.644","74.851","74.941","74.621","","-0.24%"
"02-02-2022","74.823","74.751","75.047","74.685","","0.10%"
"01-02-2022","74.751","74.561","74.902","74.432","","0.26%"
"31-01-2022","74.556","75.035","75.077","74.556","","-0.65%"
"28-01-2022","75.046","75.203","75.224","74.881","","-0.22%"
"27-01-2022","75.209","75.139","75.329","75.054","","0.41%"
"26-01-2022","74.903","74.798","74.979","74.720","","0.16%"
"25-01-2022","74.787","74.657","74.819","74.567","","0.19%"
"24-01-2022","74.642","74.373","74.757","74.307","","0.31%"
"21-01-2022","74.409","74.483","74.593","74.279","","-0.08%"
"20-01-2022","74.468","74.420","74.552","74.311","","0.02%"
"19-01-2022","74.455","74.567","74.747","74.375","","-0.15%"
"18-01-2022","74.565","74.243","74.618","74.213","","0.42%"
"17-01-2022","74.255","74.182","74.377","74.137","","0.13%"
"14-01-2022","74.156","73.929","74.213","73.916","","0.25%"
"13-01-2022","73.972","73.773","73.993","73.773","","0.24%"
"12-01-2022","73.797","73.797","74.072","73.762","","-0.03%"
"11-01-2022","73.817","74.047","74.056","73.767","","-0.28%"
"10-01-2022","74.025","74.215","74.235","73.996","","-0.34%"
"07-01-2022","74.278","74.434","74.434","74.246","","-0.14%"
"06-01-2022","74.385","74.432","74.520","74.326","","0.13%"
"05-01-2022","74.285","74.535","74.600","74.254","","-0.33%"
"04-01-2022","74.530","74.389","74.732","74.389","","0.17%"
"03-01-2022","74.400","74.484","74.502","74.266","","-0.12%"
"31-12-2021","74.486","74.422","74.532","74.106","","0.10%"
"30-12-2021","74.415","74.495","74.670","74.284","","-0.21%"
"29-12-2021","74.570","74.750","74.865","74.568","","-0.19%"
"28-12-2021","74.715","74.939","75.000","74.599","","-0.35%"
"27-12-2021","74.980","75.019","75.190","74.959","","-0.03%"
"24-12-2021","75.004","75.059","75.228","74.998","","-0.04%"
"23-12-2021","75.035","75.503","75.505","75.035","","-0.56%"
"22-12-2021","75.460","75.685","75.685","75.449","","-0.32%"
"21-12-2021","75.705","75.795","75.800","75.404","","-0.03%"
"20-12-2021","75.730","76.030","76.188","75.730","","-0.37%"
"17-12-2021","76.013","76.208","76.309","75.951","","-0.22%"
"16-12-2021","76.184","76.179","76.343","76.086","","-0.22%"
"15-12-2021","76.355","76.097","76.423","76.035","","0.41%"
"14-12-2021","76.045","75.775","76.045","75.752","","0.36%"
"13-12-2021","75.770","75.680","75.818","75.575","","0.07%"
"10-12-2021","75.718","75.633","75.885","75.585","","0.16%"
"09-12-2021","75.599","75.405","75.691","75.381","","0.29%"
"08-12-2021","75.384","75.412","75.591","75.306","","-0.03%"
"07-12-2021","75.409","75.397","75.513","75.272","","0.02%"
"06-12-2021","75.395","75.181","75.475","75.181","","0.20%"
"03-12-2021","75.241","75.017","75.349","74.948","","0.34%"
"02-12-2021","74.989","75.016","75.099","74.902","","-0.04%"
"01-12-2021","75.021","75.087","75.087","74.798","","-0.11%"
"30-11-2021","75.100","75.043","75.204","74.852","","0.07%"
"29-11-2021","75.050","74.826","75.186","74.803","","-0.02%"
"26-11-2021","75.065","74.601","75.105","74.575","","0.76%"
"25-11-2021","74.502","74.647","74.647","74.464","","-0.16%"
"24-11-2021","74.622","74.438","74.622","74.322","","0.24%"
"23-11-2021","74.447","74.440","74.592","74.371","","0.00%"
"22-11-2021","74.445","74.347","74.527","74.298","","0.13%"
"19-11-2021","74.350","74.184","74.498","74.184","","0.25%"
"18-11-2021","74.165","74.295","74.338","74.015","","-0.12%"
"17-11-2021","74.255","74.469","74.542","74.218","","-0.27%"
"16-11-2021","74.457","74.425","74.535","74.285","","0.07%"
"15-11-2021","74.404","74.373","74.520","74.340","","0.08%"
"12-11-2021","74.347","74.334","74.545","74.274","","0.05%"
"11-11-2021","74.312","74.410","74.607","74.282","","-0.14%"
"10-11-2021","74.415","74.187","74.437","74.076","","0.32%"
"09-11-2021","74.175","73.905","74.175","73.834","","0.34%"
"08-11-2021","73.921","74.224","74.295","73.876","","-0.36%"
"05-11-2021","74.191","74.560","74.582","74.171","","-0.48%"
"04-11-2021","74.548","74.450","74.567","74.218","","0.13%"
"03-11-2021","74.452","74.700","74.745","74.380","","-0.33%"
"02-11-2021","74.695","74.837","74.910","74.570","","-0.19%"
"01-11-2021","74.837","74.935","75.045","74.794","","-0.13%"
"29-10-2021","74.935","74.803","75.048","74.755","","0.20%"
"28-10-2021","74.788","75.069","75.136","74.750","","-0.37%"
"27-10-2021","75.069","74.942","75.110","74.884","","0.17%"
"26-10-2021","74.942","75.022","75.175","74.862","","-0.11%"
"25-10-2021","75.022","74.945","75.182","74.887","","0.03%"
"22-10-2021","74.999","74.869","74.999","74.672","","0.15%"
"21-10-2021","74.889","74.829","74.944","74.703","","0.11%"
"20-10-2021","74.810","75.075","75.209","74.761","","-0.41%"
"19-10-2021","75.120","75.240","75.275","74.892","","-0.12%"
"18-10-2021","75.210","75.041","75.409","75.041","","0.24%"
"15-10-2021","75.030","74.987","75.075","74.882","","0.05%"
"14-10-2021","74.995","75.256","75.385","74.970","","-0.41%"
"13-10-2021","75.306","75.502","75.535","75.194","","-0.24%"
"12-10-2021","75.488","75.434","75.685","75.179","","0.11%"
"11-10-2021","75.403","75.119","75.546","75.070","","0.36%"
"08-10-2021","75.131","74.844","75.197","74.822","","0.41%"
"07-10-2021","74.825","74.768","74.950","74.714","","0.06%"
"06-10-2021","74.778","74.522","75.066","74.522","","0.29%"
"05-10-2021","74.565","74.578","74.688","74.430","","-0.03%"
"04-10-2021","74.588","74.147","74.597","74.135","","0.59%"
"01-10-2021","74.150","74.190","74.389","74.090","","-0.03%"
"30-09-2021","74.170","74.326","74.361","74.115","","-0.17%"
"29-09-2021","74.298","74.174","74.359","74.097","","0.13%"
"28-09-2021","74.200","73.800","74.260","73.734","","0.51%"
"27-09-2021","73.825","73.685","73.886","73.610","","0.01%"
"24-09-2021","73.821","73.832","73.875","73.619","","0.01%"
"23-09-2021","73.810","73.880","73.912","73.600","","-0.02%"
"22-09-2021","73.825","73.777","73.955","73.675","","0.11%"
"21-09-2021","73.745","73.645","73.759","73.555","","0.12%"
"20-09-2021","73.653","73.825","73.847","73.615","","0.01%"
"17-09-2021","73.645","73.526","73.645","73.413","","0.10%"
"16-09-2021","73.575","73.445","73.616","73.335","","0.18%"
"15-09-2021","73.445","73.629","73.742","73.423","","-0.27%"
"14-09-2021","73.647","73.529","73.734","73.517","","0.11%"
"13-09-2021","73.565","73.545","73.787","73.545","","0.06%"
"10-09-2021","73.524","73.556","73.556","73.375","","-0.03%"
"09-09-2021","73.546","73.740","73.897","73.506","","-0.34%"
"08-09-2021","73.796","73.416","73.883","73.412","","0.48%"
"07-09-2021","73.442","73.073","73.494","73.047","","0.50%"
"06-09-2021","73.078","72.995","73.131","72.971","","0.11%"
"03-09-2021","72.997","73.013","73.166","72.930","","-0.01%"
"02-09-2021","73.006","72.998","73.134","72.951","","0.02%"
"01-09-2021","72.995","72.987","73.161","72.916","","0.06%"
"31-08-2021","72.951","73.423","73.423","72.907","","-0.47%"
"30-08-2021","73.299","73.456","73.556","73.187","","-0.24%"
"27-08-2021","73.475","74.126","74.210","73.454","","-0.92%"
"26-08-2021","74.155","74.103","74.275","74.091","","0.05%"
"25-08-2021","74.120","74.150","74.310","74.120","","-0.02%"
"24-08-2021","74.136","74.084","74.230","74.081","","0.00%"
"23-08-2021","74.135","74.261","74.321","74.089","","-0.29%"
"20-08-2021","74.352","74.385","74.483","74.322","","-0.04%"
"19-08-2021","74.380","74.280","74.464","74.261","","0.12%"
"18-08-2021","74.290","74.321","74.355","74.234","","-0.11%"
"17-08-2021","74.375","74.134","74.395","74.134","","0.28%"
"16-08-2021","74.170","74.232","74.305","74.123","","-0.10%"
"13-08-2021","74.242","74.241","74.326","74.238","","-0.10%"
"12-08-2021","74.315","74.103","74.340","74.103","","0.07%"
"11-08-2021","74.263","74.419","74.501","74.201","","-0.23%"
"10-08-2021","74.435","74.456","74.509","74.337","","-0.07%"
"09-08-2021","74.488","74.243","74.488","74.203","","0.33%"
"06-08-2021","74.242","74.082","74.242","74.041","","0.19%"
"05-08-2021","74.100","74.172","74.290","74.087","","-0.10%"
"04-08-2021","74.175","74.242","74.279","74.105","","-0.10%"
"03-08-2021","74.251","74.317","74.368","74.204","","-0.14%"
"02-08-2021","74.356","74.342","74.432","74.316","","0.02%"
"30-07-2021","74.344","74.256","74.454","74.249","","0.13%"
"29-07-2021","74.248","74.383","74.432","74.219","","-0.34%"
"28-07-2021","74.500","74.526","74.534","74.310","","-0.01%"
"27-07-2021","74.504","74.279","74.546","74.279","","0.22%"
"26-07-2021","74.340","74.442","74.534","74.338","","-0.12%"
"23-07-2021","74.427","74.457","74.575","74.374","","-0.04%"
"22-07-2021","74.455","74.441","74.525","74.306","","-0.05%"
"21-07-2021","74.495","74.525","74.642","74.493","","-0.05%"
"20-07-2021","74.535","74.944","74.973","74.535","","-0.43%"
"19-07-2021","74.858","74.681","75.032","74.681","","0.33%"
"16-07-2021","74.610","74.532","74.669","74.491","","0.08%"
"15-07-2021","74.550","74.462","74.576","74.436","","0.11%"
"14-07-2021","74.470","74.654","74.660","74.461","","-0.17%"
"13-07-2021","74.600","74.519","74.679","74.406","","0.07%"
"12-07-2021","74.545","74.537","74.685","74.415","","0.08%"
"09-07-2021","74.487","74.762","74.768","74.468","","-0.34%"
"08-07-2021","74.740","74.744","74.875","74.660","","-0.08%"
"07-07-2021","74.800","74.762","74.820","74.560","","0.28%"
"06-07-2021","74.591","74.335","74.629","74.243","","0.37%"
"05-07-2021","74.317","74.553","74.582","74.284","","-0.27%"
"02-07-2021","74.518","74.558","74.887","74.502","","-0.06%"
"01-07-2021","74.565","74.364","74.639","74.330","","0.27%"
"30-06-2021","74.365","74.218","74.474","74.205","","0.09%"
"29-06-2021","74.300","74.277","74.352","74.205","","0.03%"
"28-06-2021","74.275","74.159","74.316","74.159","","0.07%"
"25-06-2021","74.220","74.172","74.258","74.116","","0.04%"
"24-06-2021","74.190","74.225","74.278","74.110","","0.05%"
"23-06-2021","74.150","74.350","74.406","74.056","","-0.26%"
"22-06-2021","74.340","74.120","74.418","74.051","","0.27%"
"21-06-2021","74.140","74.102","74.336","74.058","","0.03%"
"18-06-2021","74.120","74.208","74.301","73.818","","-0.09%"
"17-06-2021","74.186","73.593","74.263","73.588","","1.24%"
"16-06-2021","73.275","73.345","73.394","73.260","","-0.12%"
"15-06-2021","73.360","73.208","73.383","73.159","","0.24%"
"14-06-2021","73.185","73.257","73.296","73.102","","-0.08%"
"11-06-2021","73.245","73.005","73.262","72.883","","0.23%"
"10-06-2021","73.080","72.948","73.135","72.932","","0.13%"
"09-06-2021","72.985","72.920","73.020","72.884","","0.04%"
"08-06-2021","72.955","72.783","72.975","72.765","","0.20%"
"07-06-2021","72.811","72.918","72.952","72.763","","-0.08%"
"04-06-2021","72.870","73.040","73.129","72.812","","-0.24%"
"03-06-2021","73.045","73.016","73.185","72.833","","0.12%"
"02-06-2021","72.960","72.860","73.333","72.860","","0.13%"
"01-06-2021","72.865","72.484","72.958","72.475","","0.48%"
"31-05-2021","72.518","72.377","72.662","72.347","","0.15%"
"28-05-2021","72.410","72.692","72.692","72.320","","-0.41%"
"27-05-2021","72.710","72.684","72.798","72.508","","-0.02%"
"26-05-2021","72.725","72.805","72.805","72.630","","-0.10%"
"25-05-2021","72.795","72.870","72.880","72.745","","-0.05%"
"24-05-2021","72.835","72.861","72.983","72.825","","0.01%"
"21-05-2021","72.827","73.007","73.095","72.760","","-0.26%"
"20-05-2021","73.015","73.157","73.227","73.015","","-0.28%"
"19-05-2021","73.220","73.130","73.250","72.938","","0.23%"
"18-05-2021","73.055","73.222","73.270","72.956","","-0.38%"
"17-05-2021","73.335","73.281","73.335","73.151","","0.05%"
"14-05-2021","73.300","73.450","73.486","73.189","","-0.24%"
"13-05-2021","73.480","73.611","73.662","73.470","","-0.08%"
"12-05-2021","73.538","73.379","73.541","73.371","","0.22%"
"11-05-2021","73.375","73.503","73.540","73.280","","-0.12%"
"10-05-2021","73.460","73.283","73.497","73.267","","0.28%"
"07-05-2021","73.254","73.619","73.757","73.248","","-0.48%"
"06-05-2021","73.605","73.788","74.007","73.595","","-0.28%"
"05-05-2021","73.810","73.769","74.055","73.741","","0.05%"
"04-05-2021","73.770","73.849","73.982","73.770","","-0.07%"
"03-05-2021","73.820","74.260","74.335","73.820","","-0.32%"
"30-04-2021","74.055","74.131","74.208","73.945","","-0.06%"
"29-04-2021","74.100","74.210","74.295","73.957","","-0.53%"
"28-04-2021","74.493","74.600","74.605","74.279","","-0.13%"
"27-04-2021","74.590","74.798","74.843","74.513","","-0.22%"
"26-04-2021","74.757","74.749","74.941","74.689","","-0.23%"
"23-04-2021","74.930","75.131","75.134","74.760","","-0.25%"
"22-04-2021","75.120","75.422","75.438","74.850","","-0.42%"
"21-04-2021","75.439","75.371","75.579","75.293","","0.06%"
"20-04-2021","75.395","74.674","75.458","74.520","","0.71%"
"19-04-2021","74.860","74.556","75.060","74.548","","0.43%"
"16-04-2021","74.540","74.715","74.862","74.292","","-0.25%"
"15-04-2021","74.730","75.062","75.358","74.730","","-0.44%"
"14-04-2021","75.060","75.185","75.259","75.059","","-0.28%"
"13-04-2021","75.270","75.010","75.547","74.961","","0.37%"
"12-04-2021","74.990","74.968","75.202","74.741","","0.34%"
"09-04-2021","74.734","74.566","74.987","74.538","","0.21%"
"08-04-2021","74.577","74.435","74.899","74.186","","0.28%"
"07-04-2021","74.368","73.454","74.592","73.437","","1.19%"
"06-04-2021","73.490","73.262","73.499","73.209","","0.23%"
"05-04-2021","73.319","73.336","73.482","73.292","","-0.09%"
"02-04-2021","73.385","73.286","73.405","73.268","","0.07%"
"01-04-2021","73.332","73.175","73.459","73.162","","0.25%"
"31-03-2021","73.148","73.418","73.627","73.056","","-0.40%"
"30-03-2021","73.445","72.719","73.628","72.719","","0.95%"
"29-03-2021","72.755","72.531","72.764","72.480","","0.19%"
"26-03-2021","72.615","72.638","72.661","72.357","","-0.07%"
"25-03-2021","72.665","72.585","72.715","72.552","","0.10%"
"24-03-2021","72.595","72.565","72.728","72.502","","0.06%"
"23-03-2021","72.555","72.371","72.555","72.268","","0.24%"
"22-03-2021","72.380","72.450","72.536","72.312","","-0.05%"
"19-03-2021","72.413","72.661","72.715","72.413","","-0.39%"
"18-03-2021","72.700","72.342","72.729","72.324","","0.18%"
"17-03-2021","72.570","72.548","72.632","72.510","","0.08%"
"16-03-2021","72.515","72.515","72.642","72.368","","-0.03%"
"15-03-2021","72.535","72.661","72.789","72.380","","-0.21%"
"12-03-2021","72.690","72.664","72.876","72.630","","-0.01%"
"11-03-2021","72.700","72.757","72.802","72.580","","-0.04%"
"10-03-2021","72.730","72.811","73.107","72.728","","-0.06%"
"09-03-2021","72.776","73.329","73.394","72.776","","-0.80%"
"08-03-2021","73.360","73.205","73.409","72.933","","0.23%"
"05-03-2021","73.190","73.071","73.217","72.745","","0.62%"
"04-03-2021","72.739","72.886","73.113","72.599","","-0.28%"
"03-03-2021","72.940","73.241","73.290","72.692","","-0.44%"
"02-03-2021","73.260","73.388","73.513","73.260","","-0.20%"
"01-03-2021","73.405","73.592","73.789","73.174","","-0.72%"
"26-02-2021","73.937","72.963","74.072","72.949","","1.64%"
"25-02-2021","72.745","72.391","72.767","72.289","","0.49%"
"24-02-2021","72.390","72.390","72.475","72.268","","0.01%"
"23-02-2021","72.382","72.465","72.561","72.304","","-0.09%"
"22-02-2021","72.450","72.556","72.598","72.290","","-0.15%"
"19-02-2021","72.560","72.593","72.732","72.417","","-0.03%"
"18-02-2021","72.585","72.840","72.840","72.535","","-0.34%"
"17-02-2021","72.835","72.910","72.981","72.740","","-0.05%"
"16-02-2021","72.870","72.610","72.919","72.601","","0.34%"
"15-02-2021","72.624","72.603","72.696","72.513","","0.04%"
"12-02-2021","72.595","72.719","72.840","72.565","","-0.16%"
"11-02-2021","72.710","72.796","72.900","72.673","","-0.12%"
"10-02-2021","72.795","72.855","72.898","72.765","","-0.08%"
"09-02-2021","72.856","72.922","72.951","72.822","","-0.11%"
"08-02-2021","72.935","72.805","73.004","72.761","","0.16%"
"05-02-2021","72.815","72.989","73.034","72.770","","-0.19%"
"04-02-2021","72.955","72.826","72.997","72.826","","0.19%"
"03-02-2021","72.815","72.953","73.012","72.805","","-0.14%"
"02-02-2021","72.917","73.038","73.116","72.907","","-0.28%"
"01-02-2021","73.120","72.908","73.200","72.815","","0.29%"
"29-01-2021","72.906","72.935","73.060","72.829","","-0.05%"
"28-01-2021","72.944","73.033","73.193","72.889","","-0.17%"
"27-01-2021","73.070","72.904","73.092","72.790","","0.21%"
"26-01-2021","72.915","72.943","73.138","72.838","","-0.08%"
"25-01-2021","72.970","72.958","73.016","72.877","","-0.02%"
"22-01-2021","72.985","72.955","73.105","72.915","","0.02%"
"21-01-2021","72.970","72.924","73.056","72.900","","0.08%"
"20-01-2021","72.915","73.195","73.195","72.883","","-0.38%"
"19-01-2021","73.192","73.162","73.306","73.104","","0.01%"
"18-01-2021","73.188","73.128","73.327","73.128","","0.08%"
"15-01-2021","73.130","73.097","73.213","72.995","","0.07%"
"14-01-2021","73.080","73.143","73.240","72.922","","-0.12%"
"13-01-2021","73.170","73.175","73.238","73.065","","-0.08%"
"12-01-2021","73.225","73.497","73.497","73.195","","-0.34%"
"11-01-2021","73.474","73.439","73.600","73.367","","0.18%"
"08-01-2021","73.340","73.440","73.495","73.204","","-0.12%"
"07-01-2021","73.430","73.169","73.475","73.065","","0.40%"
"06-01-2021","73.136","73.184","73.234","73.055","","0.01%"
"05-01-2021","73.130","73.065","73.291","72.987","","0.07%"
"04-01-2021","73.080","73.089","73.125","72.827","","-0.06%"
"01-01-2021","73.125","73.100","73.130","73.025","","0.10%"
"31-12-2020","73.054","73.208","73.232","72.955","","-0.12%"
"30-12-2020","73.144","73.358","73.413","73.135","","-0.36%"
"29-12-2020","73.405","73.555","73.555","73.310","","-0.19%"
"28-12-2020","73.548","73.558","73.609","73.454","","-0.01%"
"25-12-2020","73.558","73.558","73.558","73.558","","0.00%"
"24-12-2020","73.555","73.805","73.845","73.517","","-0.30%"
"23-12-2020","73.780","73.910","73.910","73.660","","-0.10%"
"22-12-2020","73.854","73.938","73.948","73.802","","-0.24%"
"21-12-2020","74.028","73.575","74.105","73.575","","0.62%"
"18-12-2020","73.575","73.525","73.582","73.475","","0.07%"
"17-12-2020","73.525","73.585","73.627","73.367","","-0.16%"
"16-12-2020","73.640","73.527","73.660","73.457","","0.11%"
"15-12-2020","73.558","73.666","73.674","73.537","","-0.11%"
"14-12-2020","73.640","73.746","73.746","73.450","","-0.13%"
"11-12-2020","73.738","73.712","73.809","73.526","","-0.01%"
"10-12-2020","73.745","73.725","73.777","73.625","","0.02%"
"09-12-2020","73.730","73.697","73.730","73.520","","0.01%"
"08-12-2020","73.725","73.813","73.841","73.505","","-0.07%"
"07-12-2020","73.779","73.821","73.993","73.698","","0.00%"
"04-12-2020","73.776","73.878","73.878","73.661","","-0.13%"
"03-12-2020","73.870","73.685","73.982","73.670","","0.14%"
"02-12-2020","73.770","73.490","73.840","73.402","","0.37%"
"01-12-2020","73.500","74.023","74.023","73.458","","-0.68%"
"30-11-2020","74.000","73.943","74.020","73.870","","0.09%"
"27-11-2020","73.935","73.834","74.113","73.724","","0.13%"
"26-11-2020","73.837","73.776","73.906","73.714","","0.07%"
"25-11-2020","73.789","73.965","74.020","73.743","","-0.39%"
"24-11-2020","74.079","74.244","74.244","73.861","","-0.24%"
"23-11-2020","74.260","74.128","74.279","74.005","","0.19%"
"20-11-2020","74.120","74.150","74.213","74.062","","0.01%"
"19-11-2020","74.110","74.300","74.348","74.096","","-0.01%"
"18-11-2020","74.120","74.470","74.530","74.066","","-0.48%"
"17-11-2020","74.480","74.340","74.640","74.340","","0.13%"
"16-11-2020","74.380","74.598","74.598","74.380","","-0.27%"
"13-11-2020","74.582","74.656","74.724","74.472","","-0.14%"
"12-11-2020","74.685","74.415","74.754","74.350","","0.30%"
"11-11-2020","74.462","74.172","74.543","74.172","","0.23%"
"10-11-2020","74.290","73.940","74.483","73.930","","0.34%"
"09-11-2020","74.035","73.979","74.175","73.634","","0.08%"
"06-11-2020","73.976","74.012","74.270","73.842","","0.07%"
"05-11-2020","73.925","74.310","74.420","73.925","","-0.60%"
"04-11-2020","74.368","74.586","74.998","74.325","","-0.34%"
"03-11-2020","74.625","74.427","74.631","74.254","","0.15%"
"02-11-2020","74.510","74.575","74.575","74.265","","-0.08%"
"30-10-2020","74.567","74.308","74.716","74.243","","0.25%"
"29-10-2020","74.380","74.227","74.533","73.937","","0.26%"
"28-10-2020","74.190","73.729","74.279","73.647","","0.77%"
"27-10-2020","73.624","73.929","74.000","73.595","","-0.47%"
"26-10-2020","73.970","73.850","74.123","73.697","","0.17%"
"23-10-2020","73.842","73.653","73.899","73.476","","0.23%"
"22-10-2020","73.670","73.660","73.807","73.520","","0.10%"
"21-10-2020","73.600","73.435","73.771","73.357","","0.20%"
"20-10-2020","73.450","73.325","73.564","73.290","","0.12%"
"19-10-2020","73.360","73.452","73.452","73.281","","-0.11%"
"16-10-2020","73.444","73.384","73.444","73.249","","0.01%"
"15-10-2020","73.435","73.305","73.533","73.209","","0.25%"
"14-10-2020","73.255","73.405","73.475","73.189","","-0.21%"
"13-10-2020","73.410","73.359","73.483","73.247","","0.06%"
"12-10-2020","73.364","73.014","73.419","73.014","","0.47%"
"09-10-2020","73.020","73.150","73.265","72.966","","-0.38%"
"08-10-2020","73.300","73.330","73.376","73.179","","-0.05%"
"07-10-2020","73.335","73.485","73.610","73.245","","-0.14%"
"06-10-2020","73.441","73.097","73.522","73.097","","0.44%"
"05-10-2020","73.117","73.300","73.486","73.067","","-0.24%"
"02-10-2020","73.295","73.242","73.453","73.242","","0.11%"
"01-10-2020","73.218","73.614","73.630","73.023","","-0.48%"
"30-09-2020","73.570","73.822","73.870","73.531","","-0.26%"
"29-09-2020","73.760","73.790","73.920","73.717","","-0.01%"
"28-09-2020","73.765","73.698","73.865","73.540","","0.11%"
"25-09-2020","73.685","73.735","73.785","73.571","","-0.30%"
"24-09-2020","73.910","73.840","74.057","73.770","","0.45%"
"23-09-2020","73.580","73.511","73.640","73.424","","0.08%"
"22-09-2020","73.520","73.580","73.650","73.390","","-0.08%"
"21-09-2020","73.580","73.543","73.640","73.265","","0.05%"
"18-09-2020","73.540","73.471","73.607","73.143","","-0.10%"
"17-09-2020","73.610","73.705","73.790","73.590","","0.09%"
"16-09-2020","73.545","73.585","73.788","73.475","","-0.09%"
"15-09-2020","73.610","73.400","73.740","73.310","","0.31%"
"14-09-2020","73.385","73.493","73.615","73.275","","-0.07%"
"11-09-2020","73.440","73.530","73.620","73.410","","0.00%"
"10-09-2020","73.440","73.453","73.508","73.160","","0.18%"
"09-09-2020","73.310","73.795","73.825","73.310","","-0.60%"
"08-09-2020","73.750","73.630","73.976","73.390","","0.41%"
"07-09-2020","73.447","73.292","73.490","73.028","","0.21%"
"04-09-2020","73.291","73.462","73.492","72.996","","-0.14%"
"03-09-2020","73.391","73.202","73.554","73.151","","0.17%"
"02-09-2020","73.269","73.137","73.302","72.892","","0.36%"
"01-09-2020","73.004","73.212","73.221","72.751","","-0.35%"
"31-08-2020","73.257","73.115","73.703","73.043","","0.19%"
"28-08-2020","73.115","73.816","73.876","73.115","","-1.07%"
"27-08-2020","73.904","74.290","74.375","73.780","","-0.43%"
"26-08-2020","74.222","74.205","74.463","74.183","","0.00%"
"25-08-2020","74.223","74.112","74.535","74.082","","0.07%"
"24-08-2020","74.169","74.922","74.922","73.949","","-1.01%"
"21-08-2020","74.922","74.962","74.992","74.816","","-0.12%"
"20-08-2020","75.013","74.966","75.131","74.931","","0.22%"
"19-08-2020","74.847","74.642","74.931","74.612","","0.36%"
"18-08-2020","74.575","74.735","74.888","74.575","","-0.23%"
"17-08-2020","74.744","74.875","74.911","74.715","","-0.21%"
"14-08-2020","74.903","74.899","74.994","74.754","","0.12%"
"13-08-2020","74.812","74.751","74.931","74.751","","0.02%"
"12-08-2020","74.795","74.605","74.935","74.605","","0.23%"
"11-08-2020","74.620","74.840","74.875","74.531","","-0.34%"
"10-08-2020","74.875","75.028","75.028","74.860","","-0.20%"
"07-08-2020","75.025","75.078","75.111","74.897","","0.17%"
"06-08-2020","74.900","74.860","75.014","74.785","","0.14%"
"05-08-2020","74.798","74.971","75.012","74.747","","-0.35%"
"04-08-2020","75.061","75.161","75.202","74.955","","-0.16%"
"03-08-2020","75.185","74.921","75.312","74.845","","0.36%"
"31-07-2020","74.918","74.747","74.921","74.682","","0.06%"
"30-07-2020","74.876","74.811","74.954","74.786","","-0.10%"
"29-07-2020","74.948","74.885","74.949","74.690","","0.05%"
"28-07-2020","74.909","74.762","74.939","74.707","","0.15%"
"27-07-2020","74.800","74.768","74.910","74.670","","0.05%"
"24-07-2020","74.760","74.900","74.990","74.694","","-0.07%"
"23-07-2020","74.815","74.605","74.964","74.595","","0.27%"
"22-07-2020","74.610","74.535","74.875","74.510","","0.09%"
"21-07-2020","74.540","74.710","74.880","74.520","","-0.28%"
"20-07-2020","74.750","74.906","75.035","74.740","","-0.20%"
"17-07-2020","74.898","75.194","75.258","74.898","","-0.38%"
"16-07-2020","75.180","75.110","75.300","75.110","","0.07%"
"15-07-2020","75.125","75.305","75.366","75.044","","-0.37%"
"14-07-2020","75.406","75.279","75.558","75.279","","0.26%"
"13-07-2020","75.212","75.218","75.248","75.105","","0.02%"
"10-07-2020","75.195","75.165","75.333","75.144","","0.05%"
"09-07-2020","75.155","74.924","75.155","74.909","","0.28%"
"08-07-2020","74.945","74.838","75.073","74.820","","0.18%"
"07-07-2020","74.810","74.645","74.979","74.635","","0.23%"
"06-07-2020","74.635","74.639","74.830","74.485","","0.00%"
"03-07-2020","74.636","74.597","75.027","74.567","","-0.15%"
"02-07-2020","74.750","75.460","75.540","74.646","","-0.98%"
"01-07-2020","75.490","75.510","75.629","75.466","","-0.07%"
"30-06-2020","75.545","75.523","75.628","75.425","","0.05%"
"29-06-2020","75.510","75.628","75.660","75.458","","-0.15%"
"26-06-2020","75.620","75.580","75.688","75.435","","0.04%"
"25-06-2020","75.587","75.717","75.782","75.503","","-0.10%"
"24-06-2020","75.665","75.486","75.780","75.486","","0.21%"
"23-06-2020","75.503","75.802","75.916","75.455","","-0.38%"
"22-06-2020","75.790","76.268","76.303","75.723","","-0.62%"
"19-06-2020","76.260","76.349","76.373","76.093","","-0.18%"
"18-06-2020","76.400","76.263","76.400","76.046","","0.14%"
"17-06-2020","76.290","76.268","76.370","76.082","","0.05%"
"16-06-2020","76.250","75.865","76.311","75.780","","0.36%"
"15-06-2020","75.979","76.073","76.190","75.936","","-0.09%"
"12-06-2020","76.050","75.992","76.260","75.772","","0.10%"
"11-06-2020","75.971","75.672","75.971","75.579","","0.44%"
"10-06-2020","75.635","75.532","75.676","75.419","","0.17%"
"09-06-2020","75.505","75.458","75.702","75.423","","0.14%"
"08-06-2020","75.400","75.578","75.685","75.400","","-0.21%"
"05-06-2020","75.560","75.432","75.725","75.325","","0.13%"
"04-06-2020","75.459","75.373","75.660","75.355","","0.18%"
"03-06-2020","75.325","75.063","75.555","75.020","","0.30%"
"02-06-2020","75.100","75.553","75.628","74.970","","-0.54%"
"01-06-2020","75.505","75.473","75.773","75.275","","-0.13%"
"29-05-2020","75.605","75.705","75.755","75.448","","-0.07%"
"28-05-2020","75.660","75.812","75.910","75.632","","-0.34%"
"27-05-2020","75.920","75.565","75.988","75.538","","0.61%"
"26-05-2020","75.459","75.868","75.880","75.412","","-0.56%"
"25-05-2020","75.887","75.951","76.110","75.855","","-0.08%"
"22-05-2020","75.950","75.663","76.018","75.633","","0.44%"
"21-05-2020","75.620","75.540","75.833","75.386","","0.09%"
"20-05-2020","75.555","75.705","75.865","75.453","","-0.12%"
"19-05-2020","75.645","75.605","75.795","75.552","","-0.07%"
"18-05-2020","75.700","75.838","76.070","75.639","","-0.17%"
"15-05-2020","75.830","75.521","75.950","75.416","","0.44%"
"14-05-2020","75.495","75.454","75.712","75.335","","0.17%"
"13-05-2020","75.365","75.278","75.510","75.045","","0.40%"
"12-05-2020","75.062","75.971","75.993","75.049","","-1.09%"
"11-05-2020","75.888","75.561","75.948","75.476","","0.47%"
"08-05-2020","75.535","75.611","75.665","75.285","","-0.34%"
"07-05-2020","75.794","76.099","76.152","75.780","","-0.41%"
"06-05-2020","76.105","75.828","76.111","75.653","","0.52%"
"05-05-2020","75.710","75.650","75.870","75.489","","0.09%"
"04-05-2020","75.640","75.758","75.820","75.581","","-0.14%"
"01-05-2020","75.749","75.320","75.805","75.294","","0.89%"
"30-04-2020","75.080","75.405","75.430","74.910","","-0.50%"
"29-04-2020","75.455","76.063","76.110","75.455","","-0.80%"
"28-04-2020","76.065","76.127","76.450","75.815","","-0.22%"
"27-04-2020","76.229","76.270","76.347","76.019","","-0.05%"
"24-04-2020","76.270","75.825","76.488","75.825","","0.49%"
"23-04-2020","75.895","76.468","76.468","75.826","","-0.67%"
"22-04-2020","76.410","76.938","77.018","76.410","","-0.73%"
"21-04-2020","76.975","76.585","77.006","76.585","","0.52%"
"20-04-2020","76.575","76.553","76.680","76.283","","0.03%"
"17-04-2020","76.550","76.829","76.829","76.238","","-0.33%"
"16-04-2020","76.805","76.638","76.927","76.563","","0.31%"
"15-04-2020","76.564","76.038","76.654","75.936","","0.72%"
"14-04-2020","76.015","76.321","76.376","76.015","","-0.31%"
"13-04-2020","76.249","75.881","76.449","75.881","","0.49%"
"10-04-2020","75.879","75.903","75.937","75.849","","-0.55%"
"09-04-2020","76.300","76.103","76.555","76.019","","0.47%"
"08-04-2020","75.945","75.638","76.405","75.638","","0.40%"
"07-04-2020","75.645","75.988","76.008","75.543","","-0.43%"
"06-04-2020","75.975","76.253","76.268","75.902","","-0.35%"
"03-04-2020","76.240","75.954","76.304","75.764","","-0.21%"
"02-04-2020","76.400","76.387","76.431","76.346","","-0.01%"
"01-04-2020","76.404","75.315","76.422","75.315","","1.41%"
"31-03-2020","75.343","75.530","75.685","75.280","","-0.09%"
"30-03-2020","75.410","75.140","75.670","75.093","","-0.08%"
"27-03-2020","75.472","74.603","75.528","74.353","","0.78%"
"26-03-2020","74.889","75.864","75.954","74.889","","-1.95%"
"25-03-2020","76.375","76.375","76.375","76.375","","-0.01%"
"24-03-2020","76.379","76.079","76.386","75.950","","0.06%"
"23-03-2020","76.335","75.380","76.335","75.380","","1.24%"
"20-03-2020","75.399","74.804","75.399","74.704","","0.82%"
"19-03-2020","74.786","74.855","75.311","74.667","","0.32%"
"18-03-2020","74.550","73.974","74.550","73.924","","0.66%"
"17-03-2020","74.062","74.072","74.315","73.858","","0.08%"
"16-03-2020","74.003","74.006","74.359","73.999","","0.22%"
"13-03-2020","73.840","74.561","74.561","73.732","","-0.99%"
"12-03-2020","74.576","74.134","74.579","74.074","","1.21%"
"11-03-2020","73.682","73.792","74.015","73.532","","-0.63%"
"10-03-2020","74.150","74.248","74.248","74.150","","-0.06%"
"09-03-2020","74.196","73.975","74.254","73.850","","0.26%"
"06-03-2020","74.004","73.873","74.073","73.529","","0.68%"
"05-03-2020","73.506","73.518","73.565","73.044","","-0.05%"
"04-03-2020","73.540","73.060","73.640","72.910","","0.67%"
"03-03-2020","73.050","72.480","73.397","72.440","","0.23%"
"02-03-2020","72.882","72.520","72.954","72.028","","0.47%"
"28-02-2020","72.539","71.755","72.574","71.755","","1.23%"
"27-02-2020","71.655","71.645","71.704","71.545","","0.10%"
"26-02-2020","71.580","71.833","71.873","71.532","","-0.33%"
"25-02-2020","71.820","71.870","71.920","71.611","","-0.16%"
"24-02-2020","71.935","71.915","72.015","71.775","","0.08%"
"21-02-2020","71.880","71.665","72.056","71.665","","0.28%"
"20-02-2020","71.680","71.735","71.820","71.530","","0.11%"
"19-02-2020","71.600","71.573","71.600","71.452","","0.02%"
"18-02-2020","71.585","71.415","71.611","71.375","","0.34%"
"17-02-2020","71.340","71.430","71.507","71.260","","-0.26%"
"14-02-2020","71.529","71.294","71.597","71.272","","0.28%"
"13-02-2020","71.330","71.360","71.511","71.254","","0.03%"
"12-02-2020","71.306","71.211","71.391","71.211","","0.03%"
"11-02-2020","71.285","71.235","71.330","71.179","","-0.01%"
"10-02-2020","71.290","71.400","71.457","71.285","","-0.31%"
"07-02-2020","71.515","71.260","71.538","71.213","","0.41%"
"06-02-2020","71.225","71.181","71.300","71.107","","0.05%"
"05-02-2020","71.190","71.110","71.300","71.110","","0.11%"
"04-02-2020","71.115","71.215","71.298","71.090","","-0.29%"
"03-02-2020","71.324","71.523","71.653","71.268","","-0.32%"
"31-01-2020","71.555","71.575","71.578","71.294","","0.01%"
"30-01-2020","71.550","71.420","71.660","71.390","","0.34%"
"29-01-2020","71.310","71.240","71.411","71.165","","0.15%"
"28-01-2020","71.200","71.432","71.432","71.200","","-0.35%"
"27-01-2020","71.450","71.475","71.520","71.373","","0.17%"
"24-01-2020","71.330","71.340","71.371","71.220","","-0.10%"
"23-01-2020","71.400","71.190","71.465","71.169","","0.45%"
"22-01-2020","71.080","71.180","71.265","71.076","","-0.13%"
"21-01-2020","71.170","71.190","71.250","71.121","","0.18%"
"20-01-2020","71.040","71.070","71.160","71.010","","-0.05%"
"17-01-2020","71.079","70.953","71.099","70.933","","0.14%"
"16-01-2020","70.978","70.775","71.007","70.775","","0.36%"
"15-01-2020","70.720","71.000","71.023","70.682","","-0.18%"
"14-01-2020","70.850","70.720","70.975","70.720","","0.20%"
"13-01-2020","70.710","70.805","70.945","70.710","","-0.35%"
"10-01-2020","70.960","71.240","71.260","70.848","","-0.35%"
"09-01-2020","71.210","71.510","71.544","71.134","","-0.42%"
"08-01-2020","71.510","71.954","72.114","71.466","","-0.47%"
"07-01-2020","71.845","71.765","71.923","71.670","","-0.03%"
"06-01-2020","71.867","72.011","72.123","71.834","","0.14%"
"03-01-2020","71.770","71.610","71.844","71.520","","0.59%"
"02-01-2020","71.350","71.235","71.408","71.235","","0.17%"
"01-01-2020","71.227","71.365","71.377","71.225","","-0.18%"